-- phpMyAdmin SQL Dump
-- version 4.7.7
-- https://www.phpmyadmin.net/
--
-- Host: localhost
-- Generation Time: Apr 07, 2021 at 02:49 PM
-- Server version: 10.1.30-MariaDB
-- PHP Version: 7.0.27

SET SQL_MODE = "NO_AUTO_VALUE_ON_ZERO";
SET AUTOCOMMIT = 0;
START TRANSACTION;
SET time_zone = "+00:00";


/*!40101 SET @OLD_CHARACTER_SET_CLIENT=@@CHARACTER_SET_CLIENT */;
/*!40101 SET @OLD_CHARACTER_SET_RESULTS=@@CHARACTER_SET_RESULTS */;
/*!40101 SET @OLD_COLLATION_CONNECTION=@@COLLATION_CONNECTION */;
/*!40101 SET NAMES utf8mb4 */;

--
-- Database: `ciproject`
--

-- --------------------------------------------------------

--
-- Table structure for table `admin`
--

CREATE TABLE `admin` (
  `username` varchar(50) NOT NULL,
  `password` varchar(50) NOT NULL
) ENGINE=InnoDB DEFAULT CHARSET=latin1;

--
-- Dumping data for table `admin`
--

INSERT INTO `admin` (`username`, `password`) VALUES
('admin', 'Test@12345');

-- --------------------------------------------------------

--
-- Table structure for table `answers`
--

CREATE TABLE `answers` (
  `id` int(9) NOT NULL,
  `q_id` int(9) NOT NULL,
  `answers` text NOT NULL,
  `status` tinyint(1) NOT NULL
) ENGINE=InnoDB DEFAULT CHARSET=latin1;

--
-- Dumping data for table `answers`
--

INSERT INTO `answers` (`id`, `q_id`, `answers`, `status`) VALUES
(1, 1, 'Delhi', 1),
(2, 1, 'Ahmedabad', 0),
(3, 2, 'Tiger', 0),
(4, 2, 'Lion', 1),
(5, 3, 'Ahmedabad', 0),
(6, 3, 'Surat', 0),
(7, 4, 'Narendra Modi', 1),
(8, 4, 'Manmohan Singh', 0),
(9, 5, 'Vadodara', 0),
(10, 5, 'Ahmedabad', 1),
(11, 1, 'Mumbai', 0),
(12, 1, 'Pune', 0),
(13, 2, 'Cow', 0),
(14, 2, 'Dog', 0),
(15, 3, 'Vadodara', 0),
(16, 3, 'Gandhinagar', 1),
(17, 4, 'Abdul Kalam', 0),
(18, 4, 'Sonya Gandhi', 0),
(19, 5, 'Rajkot', 0),
(20, 5, 'Bhavnagar', 0);

-- --------------------------------------------------------

--
-- Table structure for table `cities`
--

CREATE TABLE `cities` (
  `id` int(9) NOT NULL,
  `city_name` varchar(250) NOT NULL,
  `state_id` int(9) NOT NULL
) ENGINE=InnoDB DEFAULT CHARSET=latin1;

--
-- Dumping data for table `cities`
--

INSERT INTO `cities` (`id`, `city_name`, `state_id`) VALUES
(1, 'Ahmedabad', 3),
(2, 'Surat', 3),
(3, 'Vadodara', 3),
(4, 'Mumbai', 5),
(5, 'Pune', 5),
(6, 'Nasik', 5),
(7, 'Jaipur', 4),
(8, 'Jodhpur', 4),
(9, 'Udaipur', 4),
(10, 'Oakland', 6),
(11, 'Los Angeles', 6),
(12, 'San Jose', 6),
(13, 'Miami', 8),
(14, 'Orlando', 8),
(15, 'Tampa', 8),
(16, 'Houston', 7),
(17, 'Dallas', 7),
(18, 'Austin', 7),
(19, 'Sapporo', 9),
(20, 'Otaru', 9),
(21, 'Chitose', 9),
(22, 'Tokyo', 10),
(23, 'Yokohama', 10),
(24, 'Saitama', 10),
(25, 'Takamatsu', 11),
(26, 'Tokushima', 11),
(27, 'Naruto', 11);

-- --------------------------------------------------------

--
-- Table structure for table `comments`
--

CREATE TABLE `comments` (
  `id` int(9) NOT NULL,
  `comment` text NOT NULL,
  `uid` int(9) NOT NULL
) ENGINE=InnoDB DEFAULT CHARSET=latin1;

--
-- Dumping data for table `comments`
--

INSERT INTO `comments` (`id`, `comment`, `uid`) VALUES
(1, 'hello there', 2),
(2, 'hey hey hey', 3);

-- --------------------------------------------------------

--
-- Table structure for table `countries`
--

CREATE TABLE `countries` (
  `id` int(9) NOT NULL,
  `country_name` varchar(250) NOT NULL
) ENGINE=InnoDB DEFAULT CHARSET=latin1;

--
-- Dumping data for table `countries`
--

INSERT INTO `countries` (`id`, `country_name`) VALUES
(1, 'America'),
(2, 'Inida'),
(3, 'Japan');

-- --------------------------------------------------------

--
-- Table structure for table `education_details`
--

CREATE TABLE `education_details` (
  `id` int(9) NOT NULL,
  `user_id` int(9) NOT NULL,
  `course` varchar(250) DEFAULT NULL,
  `college` varchar(250) DEFAULT NULL
) ENGINE=InnoDB DEFAULT CHARSET=latin1;

--
-- Dumping data for table `education_details`
--

INSERT INTO `education_details` (`id`, `user_id`, `course`, `college`) VALUES
(1, 2, 'MCA', 'L.D.'),
(2, 3, 'asdfa', 'asdfa'),
(3, 4, 'Bca', 'K.K');

-- --------------------------------------------------------

--
-- Table structure for table `fb_users`
--

CREATE TABLE `fb_users` (
  `id` int(11) NOT NULL,
  `oauth_provider` enum('facebook','google','twitter','') COLLATE utf8_unicode_ci NOT NULL DEFAULT '',
  `oauth_uid` varchar(50) COLLATE utf8_unicode_ci NOT NULL,
  `first_name` varchar(25) COLLATE utf8_unicode_ci NOT NULL,
  `last_name` varchar(25) COLLATE utf8_unicode_ci NOT NULL,
  `email` varchar(25) COLLATE utf8_unicode_ci NOT NULL,
  `gender` varchar(10) COLLATE utf8_unicode_ci DEFAULT NULL,
  `picture` varchar(200) COLLATE utf8_unicode_ci NOT NULL,
  `link` varchar(100) COLLATE utf8_unicode_ci NOT NULL,
  `created` datetime NOT NULL,
  `modified` datetime NOT NULL
) ENGINE=InnoDB DEFAULT CHARSET=utf8 COLLATE=utf8_unicode_ci;

--
-- Dumping data for table `fb_users`
--

INSERT INTO `fb_users` (`id`, `oauth_provider`, `oauth_uid`, `first_name`, `last_name`, `email`, `gender`, `picture`, `link`, `created`, `modified`) VALUES
(2, 'facebook', '2743383605911985', 'Niraj', 'Surati', 'niraj.surati01@gmail.com', '', 'https://platform-lookaside.fbsbx.com/platform/profilepic/?asid=2743383605911985&height=50&width=50&ext=1619698502&hash=AeSShar8jQYbTYscRHQ', 'https://www.facebook.com/', '2021-03-30 14:15:02', '2021-03-30 14:15:02');

-- --------------------------------------------------------

--
-- Table structure for table `login`
--

CREATE TABLE `login` (
  `id` int(11) NOT NULL,
  `email` varchar(50) NOT NULL,
  `username` varchar(30) NOT NULL,
  `password` varchar(20) NOT NULL,
  `session_id` int(10) NOT NULL,
  `logged_in_status` tinyint(1) NOT NULL
) ENGINE=InnoDB DEFAULT CHARSET=latin1;

--
-- Dumping data for table `login`
--

INSERT INTO `login` (`id`, `email`, `username`, `password`, `session_id`, `logged_in_status`) VALUES
(1, 'test1@gmail.com', 'test1', 'Test@123', 0, 0),
(2, 'test2@gmail.com', 'test2', 'Test@123', 0, 0),
(3, 'test3@gmail.com', 'test3', 'Test@123', 0, 0),
(4, 'test4@gmail.com', 'test4', 'Test@123', 0, 0),
(15, 'test@gmail.com', 'test', 'Test@123', 0, 0),
(18, 'test5@gmail.com', 'test5', 'Test@123', 0, 0),
(22, 'test6@gmail.com', 'test6', 'Test@123', 0, 0);

-- --------------------------------------------------------

--
-- Table structure for table `profile`
--

CREATE TABLE `profile` (
  `id` int(9) NOT NULL,
  `user_id` int(9) NOT NULL,
  `skills` text,
  `bio` text,
  `city_id` int(9) DEFAULT NULL,
  `profile_pic` text
) ENGINE=InnoDB DEFAULT CHARSET=latin1;

--
-- Dumping data for table `profile`
--

INSERT INTO `profile` (`id`, `user_id`, `skills`, `bio`, `city_id`, `profile_pic`) VALUES
(1, 2, 'Python, Java, PHP', 'I am web-dev.', 21, NULL),
(2, 3, 'asdfas', 'asdfas', NULL, NULL),
(3, 4, 'python, php', 'trying to become web dev.', 14, NULL);

-- --------------------------------------------------------

--
-- Table structure for table `question`
--

CREATE TABLE `question` (
  `id` int(9) NOT NULL,
  `name` varchar(50) NOT NULL,
  `content` text NOT NULL
) ENGINE=InnoDB DEFAULT CHARSET=latin1;

--
-- Dumping data for table `question`
--

INSERT INTO `question` (`id`, `name`, `content`) VALUES
(1, 'Question-1', 'What is the Capital of INDIA?'),
(2, 'Question-2', 'What is the name of King of Jungle?'),
(3, 'Question-3', 'What is the Capital of Gujarat?'),
(4, 'Question-4', 'Who is the Prime Minister of INDIA right now?'),
(5, 'Question-5', 'In which city does the Sabarmati river flow?');

-- --------------------------------------------------------

--
-- Table structure for table `states`
--

CREATE TABLE `states` (
  `id` int(9) NOT NULL,
  `state_name` varchar(250) NOT NULL,
  `country_id` int(9) NOT NULL
) ENGINE=InnoDB DEFAULT CHARSET=latin1;

--
-- Dumping data for table `states`
--

INSERT INTO `states` (`id`, `state_name`, `country_id`) VALUES
(3, 'Gujarat', 2),
(4, 'Rajasthan', 2),
(5, 'Maharastra', 2),
(6, 'California', 1),
(7, 'Texas', 1),
(8, 'Florida', 1),
(9, 'Hokkaido', 3),
(10, 'Kanto', 3),
(11, 'Shikoku', 3);

-- --------------------------------------------------------

--
-- Table structure for table `user`
--

CREATE TABLE `user` (
  `id` int(9) NOT NULL,
  `username` varchar(50) NOT NULL,
  `email` varchar(250) NOT NULL,
  `contact` bigint(10) NOT NULL,
  `password` varchar(50) NOT NULL
) ENGINE=InnoDB DEFAULT CHARSET=latin1;

--
-- Dumping data for table `user`
--

INSERT INTO `user` (`id`, `username`, `email`, `contact`, `password`) VALUES
(2, 'test2_123', 'test2@gmail.com', 1234567890, '123'),
(3, 'test123', 't@g.c', 1334, '123');

-- --------------------------------------------------------

--
-- Table structure for table `users`
--

CREATE TABLE `users` (
  `id` int(11) NOT NULL,
  `oauth_provider` varchar(10) COLLATE utf8_unicode_ci NOT NULL,
  `oauth_uid` varchar(50) COLLATE utf8_unicode_ci NOT NULL,
  `first_name` varchar(25) COLLATE utf8_unicode_ci NOT NULL,
  `last_name` varchar(25) COLLATE utf8_unicode_ci NOT NULL,
  `email` varchar(50) COLLATE utf8_unicode_ci NOT NULL,
  `gender` varchar(10) COLLATE utf8_unicode_ci DEFAULT NULL,
  `locale` varchar(10) COLLATE utf8_unicode_ci DEFAULT NULL,
  `picture` varchar(255) COLLATE utf8_unicode_ci DEFAULT NULL,
  `link` varchar(255) COLLATE utf8_unicode_ci NOT NULL,
  `created` datetime NOT NULL,
  `modified` datetime NOT NULL
) ENGINE=InnoDB DEFAULT CHARSET=utf8 COLLATE=utf8_unicode_ci;

--
-- Indexes for dumped tables
--

--
-- Indexes for table `admin`
--
ALTER TABLE `admin`
  ADD PRIMARY KEY (`username`);

--
-- Indexes for table `answers`
--
ALTER TABLE `answers`
  ADD PRIMARY KEY (`id`),
  ADD KEY `q_id` (`q_id`);

--
-- Indexes for table `cities`
--
ALTER TABLE `cities`
  ADD PRIMARY KEY (`id`),
  ADD KEY `state_id` (`state_id`);

--
-- Indexes for table `comments`
--
ALTER TABLE `comments`
  ADD PRIMARY KEY (`id`),
  ADD KEY `uid` (`uid`),
  ADD KEY `id` (`id`);

--
-- Indexes for table `countries`
--
ALTER TABLE `countries`
  ADD PRIMARY KEY (`id`);

--
-- Indexes for table `education_details`
--
ALTER TABLE `education_details`
  ADD PRIMARY KEY (`id`),
  ADD KEY `user_id` (`user_id`);

--
-- Indexes for table `fb_users`
--
ALTER TABLE `fb_users`
  ADD PRIMARY KEY (`id`);

--
-- Indexes for table `login`
--
ALTER TABLE `login`
  ADD PRIMARY KEY (`id`),
  ADD UNIQUE KEY `email` (`email`),
  ADD UNIQUE KEY `username` (`username`);

--
-- Indexes for table `profile`
--
ALTER TABLE `profile`
  ADD PRIMARY KEY (`id`),
  ADD KEY `user_id` (`user_id`),
  ADD KEY `city_id` (`city_id`);

--
-- Indexes for table `question`
--
ALTER TABLE `question`
  ADD PRIMARY KEY (`id`);

--
-- Indexes for table `states`
--
ALTER TABLE `states`
  ADD PRIMARY KEY (`id`),
  ADD KEY `state_name` (`state_name`),
  ADD KEY `country_id` (`country_id`);

--
-- Indexes for table `user`
--
ALTER TABLE `user`
  ADD PRIMARY KEY (`id`),
  ADD UNIQUE KEY `username` (`username`),
  ADD UNIQUE KEY `email` (`email`),
  ADD UNIQUE KEY `username_3` (`username`),
  ADD KEY `username_2` (`username`);

--
-- Indexes for table `users`
--
ALTER TABLE `users`
  ADD PRIMARY KEY (`id`);

--
-- AUTO_INCREMENT for dumped tables
--

--
-- AUTO_INCREMENT for table `answers`
--
ALTER TABLE `answers`
  MODIFY `id` int(9) NOT NULL AUTO_INCREMENT, AUTO_INCREMENT=21;

--
-- AUTO_INCREMENT for table `cities`
--
ALTER TABLE `cities`
  MODIFY `id` int(9) NOT NULL AUTO_INCREMENT, AUTO_INCREMENT=28;

--
-- AUTO_INCREMENT for table `comments`
--
ALTER TABLE `comments`
  MODIFY `id` int(9) NOT NULL AUTO_INCREMENT, AUTO_INCREMENT=3;

--
-- AUTO_INCREMENT for table `countries`
--
ALTER TABLE `countries`
  MODIFY `id` int(9) NOT NULL AUTO_INCREMENT, AUTO_INCREMENT=4;

--
-- AUTO_INCREMENT for table `education_details`
--
ALTER TABLE `education_details`
  MODIFY `id` int(9) NOT NULL AUTO_INCREMENT, AUTO_INCREMENT=4;

--
-- AUTO_INCREMENT for table `fb_users`
--
ALTER TABLE `fb_users`
  MODIFY `id` int(11) NOT NULL AUTO_INCREMENT, AUTO_INCREMENT=3;

--
-- AUTO_INCREMENT for table `login`
--
ALTER TABLE `login`
  MODIFY `id` int(11) NOT NULL AUTO_INCREMENT, AUTO_INCREMENT=23;

--
-- AUTO_INCREMENT for table `profile`
--
ALTER TABLE `profile`
  MODIFY `id` int(9) NOT NULL AUTO_INCREMENT, AUTO_INCREMENT=4;

--
-- AUTO_INCREMENT for table `question`
--
ALTER TABLE `question`
  MODIFY `id` int(9) NOT NULL AUTO_INCREMENT, AUTO_INCREMENT=6;

--
-- AUTO_INCREMENT for table `states`
--
ALTER TABLE `states`
  MODIFY `id` int(9) NOT NULL AUTO_INCREMENT, AUTO_INCREMENT=12;

--
-- AUTO_INCREMENT for table `user`
--
ALTER TABLE `user`
  MODIFY `id` int(9) NOT NULL AUTO_INCREMENT, AUTO_INCREMENT=4;

--
-- AUTO_INCREMENT for table `users`
--
ALTER TABLE `users`
  MODIFY `id` int(11) NOT NULL AUTO_INCREMENT;

--
-- Constraints for dumped tables
--

--
-- Constraints for table `answers`
--
ALTER TABLE `answers`
  ADD CONSTRAINT `answers_ibfk_1` FOREIGN KEY (`q_id`) REFERENCES `question` (`id`);

--
-- Constraints for table `cities`
--
ALTER TABLE `cities`
  ADD CONSTRAINT `cities_ibfk_1` FOREIGN KEY (`state_id`) REFERENCES `states` (`id`);

--
-- Constraints for table `comments`
--
ALTER TABLE `comments`
  ADD CONSTRAINT `comments_ibfk_1` FOREIGN KEY (`uid`) REFERENCES `user` (`id`);

--
-- Constraints for table `education_details`
--
ALTER TABLE `education_details`
  ADD CONSTRAINT `education_details_ibfk_1` FOREIGN KEY (`user_id`) REFERENCES `login` (`id`);

--
-- Constraints for table `profile`
--
ALTER TABLE `profile`
  ADD CONSTRAINT `profile_ibfk_1` FOREIGN KEY (`user_id`) REFERENCES `login` (`id`),
  ADD CONSTRAINT `profile_ibfk_2` FOREIGN KEY (`city_id`) REFERENCES `cities` (`id`);

--
-- Constraints for table `states`
--
ALTER TABLE `states`
  ADD CONSTRAINT `states_ibfk_1` FOREIGN KEY (`country_id`) REFERENCES `countries` (`id`);
COMMIT;

/*!40101 SET CHARACTER_SET_CLIENT=@OLD_CHARACTER_SET_CLIENT */;
/*!40101 SET CHARACTER_SET_RESULTS=@OLD_CHARACTER_SET_RESULTS */;
/*!40101 SET COLLATION_CONNECTION=@OLD_COLLATION_CONNECTION */;
